{"cameraMode":{"drawMode":0,"name":"Shaded","section":"Shading Mode"},"sceneLighting":false,"audioPlay":false,"sceneViewState":{"m_AlwaysRefresh":false,"showFog":false,"showSkybox":false,"showFlares":false,"showImageEffects":false,"showParticleSystems":false,"showVisualEffectGraphs":true,"m_FxEnabled":true},"in2DMode":false,"pivot":{"x":0.028668999671936036,"y":0.8445027470588684,"z":-0.014097630977630616},"rotation":{"x":0.14814534783363343,"y":-0.850791871547699,"z":0.3319452702999115,"w":0.3796088993549347},"size":1.2629435062408448,"orthographic":false}