{"cameraMode":{"drawMode":0,"name":"Shaded","section":"Shading Mode"},"sceneLighting":true,"audioPlay":false,"sceneViewState":{"m_AlwaysRefresh":false,"showFog":true,"showSkybox":true,"showFlares":true,"showImageEffects":true,"showParticleSystems":true,"showVisualEffectGraphs":true,"m_FxEnabled":true},"in2DMode":false,"pivot":{"x":32.54829025268555,"y":0.2787160873413086,"z":68.11277770996094},"rotation":{"x":0.20376914739608766,"y":0.013227282091975212,"z":-0.0026857543271034958,"w":0.9789996147155762},"size":4.886474132537842,"orthographic":false}