{"cameraMode":{"drawMode":0,"name":"Shaded","section":"Shading Mode"},"sceneLighting":false,"audioPlay":false,"sceneViewState":{"m_AlwaysRefresh":false,"showFog":false,"showSkybox":false,"showFlares":false,"showImageEffects":false,"showParticleSystems":false,"showVisualEffectGraphs":true,"m_FxEnabled":true},"in2DMode":false,"pivot":{"x":0.013277287594974041,"y":0.9756203293800354,"z":0.438116192817688},"rotation":{"x":-0.002040362451225519,"y":0.9951404929161072,"z":-0.09674160927534104,"w":-0.020595958456397058},"size":0.8660253882408142,"orthographic":false}